index,productid,imageid,text,lang,text_fr,imagefile,prdtypecode,prediction_correct_image,prediction_correct_text,prediction_correct_fusion,designation,description
39243,1983972046,1118654744,Ambulance Retrofriction  Son Jouet - (1,en,Ambulance Retrofriction Son Jouet - (1,1280/image_1118654744_product_1983972046.jpg,1280,False,False,True,Ambulance Retrofriction  Son Jouet,(1
45694,154099350,909766184,Jeux Olympiques Atlanta 1996 The Atlanta Journal Et Programme Officiel - ,fr,Jeux Olympiques Atlanta 1996 The Atlanta Journal Et Programme Officiel - ,2403/image_909766184_product_154099350.jpg,2403,False,False,True,Jeux Olympiques Atlanta 1996 The Atlanta Journal Et Programme Officiel,
19766,3971761681,1270628131,Lampe Led Étanche Mur Solaire Avec Double Couleur Source De Lumière Yard Jardin - LED intelligente de verrouillage de porte Cabinet clé induction Petite Nuit Capteur de lumière lampe Spécification: 100% neuf et de haute qualité d'auto-détection de lumière serrure de porte LED utilisent le corps humain la technologie des capteurs à infrarouge et la lumière de la technologie de détection automatique. Quand il y a une main à proximité de la serrure de porte est installé dans la serrure au-dessus des lumières de LED éclairer automatiquement. Les gens viennent la lumière a été brillante les gens vont les lumières éteintes automatiquement. Le rendre facile et sûr d'entrer dans votre maison. Dans l'obscurité ne pas tâtonner devant votre porte. Matière: Plastique. Taille: 8 x 4 x 3 cm / 314 x 157 x 118 pouces (L x L x H). Source lumineuse: 4 x LED. modes de détection: détecteur infrarouge humain. Contrôle du capteur: capteurs photosensibles (travail de nuit veille de jour). Angle sensible: 60 degrés. la distance sensible: 3 m / 118 pouces. Temps de retard: 6-8 secondes. Température de fonctionnement: de -5 à 38 degrés Celsius. Humidité de travail: 5% -93%. Puissance: 1.5V. Courant de veille: & lt; 01 mA. Alimentation: un cinquième batterie (AA). Installation: utiliser un adhésif double face (avec) ou utiliser des vis M3.0X20 mm (non inclus). Utilisation: placé sur la porte cuisine cas coffre-fort armoire tiroirs boîte à gants de voiture etc pour l'éclairage du capteur infrarouge. S'il vous plaît noter que la batterie doit être acheté par vous-même. Dépannage: 1. Lorsque l'appareil est allumé la lumière ne se allume pas. Solution: A. Vérifiez la polarité de l'installation de la batterie. B. Lorsque la lumière ambiante est trop lumineux la lampe est en mode veille. C la batterie est déchargée s'il vous plaît remplacer la batterie. 2. Lorsque l'appareil est allumé le voyant clignote. Solution: A a besoin d'hôte une à deux minutes pour stabiliser le circuit interne B la batterie peut être faible s'il vous plaît remplacer la batterie. Remarque: S'il vous plaît permettre des erreurs 1-5mm grâce à la mesure manuelle. Ne pas placer le produit dans une position face à la porte en verre ou lorsque la température change radicalement. En raison de ce type de produit qui utilise un capteur infrarouge il faut un environnement relativement stable. S'il vous plaît garder la lampe loin du moniteur et de la télévision. S'il vous plaît prêter attention à la température et l'humidité de l'environnement de travail sinon la vie de la batterie sera affectée. Utilisez une bonne batterie de qualité LR06 (AA) N ° 5 ou batterie rechargeable. Après la lumière sort un délai de 6-8 secondes puis travailler à nouveau. LED ne devraient pas viser directement les yeux des gens en particulier les enfants. Lors de l'installation du produit ne l'installez pas dans un endroit qui est facile pour les enfants à éviter afin d'éviter les accidents pour les enfants. couleur de l'article affiché dans les photos peut montrer un peu différent sur votre écran d'ordinateur car les moniteurs ne sont pas calibrées même. Le paquet contient: 1 x lumière de verrouillage de porte,fr,Lampe Led Étanche Mur Solaire Avec Double Couleur Source De Lumière Yard Jardin - LED intelligente de verrouillage de porte Cabinet clé induction Petite Nuit Capteur de lumière lampe Spécification: 100% neuf et de haute qualité d'auto-détection de lumière serrure de porte LED utilisent le corps humain la technologie des capteurs à infrarouge et la lumière de la technologie de détection automatique. Quand il y a une main à proximité de la serrure de porte est installé dans la serrure au-dessus des lumières de LED éclairer automatiquement. Les gens viennent la lumière a été brillante les gens vont les lumières éteintes automatiquement. Le rendre facile et sûr d'entrer dans votre maison. Dans l'obscurité ne pas tâtonner devant votre porte. Matière: Plastique. Taille: 8 x 4 x 3 cm / 314 x 157 x 118 pouces (L x L x H). Source lumineuse: 4 x LED. modes de détection: détecteur infrarouge humain. Contrôle du capteur: capteurs photosensibles (travail de nuit veille de jour). Angle sensible: 60 degrés. la distance sensible: 3 m / 118 pouces. Temps de retard: 6-8 secondes. Température de fonctionnement: de -5 à 38 degrés Celsius. Humidité de travail: 5% -93%. Puissance: 1.5V. Courant de veille: & lt; 01 mA. Alimentation: un cinquième batterie (AA). Installation: utiliser un adhésif double face (avec) ou utiliser des vis M3.0X20 mm (non inclus). Utilisation: placé sur la porte cuisine cas coffre-fort armoire tiroirs boîte à gants de voiture etc pour l'éclairage du capteur infrarouge. S'il vous plaît noter que la batterie doit être acheté par vous-même. Dépannage: 1. Lorsque l'appareil est allumé la lumière ne se allume pas. Solution: A. Vérifiez la polarité de l'installation de la batterie. B. Lorsque la lumière ambiante est trop lumineux la lampe est en mode veille. C la batterie est déchargée s'il vous plaît remplacer la batterie. 2. Lorsque l'appareil est allumé le voyant clignote. Solution: A a besoin d'hôte une à deux minutes pour stabiliser le circuit interne B la batterie peut être faible s'il vous plaît remplacer la batterie. Remarque: S'il vous plaît permettre des erreurs 1-5mm grâce à la mesure manuelle. Ne pas placer le produit dans une position face à la porte en verre ou lorsque la température change radicalement. En raison de ce type de produit qui utilise un capteur infrarouge il faut un environnement relativement stable. S'il vous plaît garder la lampe loin du moniteur et de la télévision. S'il vous plaît prêter attention à la température et l'humidité de l'environnement de travail sinon la vie de la batterie sera affectée. Utilisez une bonne batterie de qualité LR06 (AA) N ° 5 ou batterie rechargeable. Après la lumière sort un délai de 6-8 secondes puis travailler à nouveau. LED ne devraient pas viser directement les yeux des gens en particulier les enfants. Lors de l'installation du produit ne l'installez pas dans un endroit qui est facile pour les enfants à éviter afin d'éviter les accidents pour les enfants. couleur de l'article affiché dans les photos peut montrer un peu différent sur votre écran d'ordinateur car les moniteurs ne sont pas calibrées même. Le paquet contient: 1 x lumière de verrouillage de porte,2060/image_1270628131_product_3971761681.jpg,2060,False,False,True,Lampe Led Étanche Mur Solaire Avec Double Couleur Source De Lumière Yard Jardin,LED intelligente de verrouillage de porte Cabinet clé induction Petite Nuit Capteur de lumière lampe Spécification: 100% neuf et de haute qualité d'auto-détection de lumière serrure de porte LED utilisent le corps humain la technologie des capteurs à infrarouge et la lumière de la technologie de détection automatique. Quand il y a une main à proximité de la serrure de porte est installé dans la serrure au-dessus des lumières de LED éclairer automatiquement. Les gens viennent la lumière a été brillante les gens vont les lumières éteintes automatiquement. Le rendre facile et sûr d'entrer dans votre maison. Dans l'obscurité ne pas tâtonner devant votre porte. Matière: Plastique. Taille: 8 x 4 x 3 cm / 314 x 157 x 118 pouces (L x L x H). Source lumineuse: 4 x LED. modes de détection: détecteur infrarouge humain. Contrôle du capteur: capteurs photosensibles (travail de nuit veille de jour). Angle sensible: 60 degrés. la distance sensible: 3 m / 118 pouces. Temps de retard: 6-8 secondes. Température de fonctionnement: de -5 à 38 degrés Celsius. Humidité de travail: 5% -93%. Puissance: 1.5V. Courant de veille: & lt; 01 mA. Alimentation: un cinquième batterie (AA). Installation: utiliser un adhésif double face (avec) ou utiliser des vis M3.0X20 mm (non inclus). Utilisation: placé sur la porte cuisine cas coffre-fort armoire tiroirs boîte à gants de voiture etc pour l'éclairage du capteur infrarouge. S'il vous plaît noter que la batterie doit être acheté par vous-même. Dépannage: 1. Lorsque l'appareil est allumé la lumière ne se allume pas. Solution: A. Vérifiez la polarité de l'installation de la batterie. B. Lorsque la lumière ambiante est trop lumineux la lampe est en mode veille. C la batterie est déchargée s'il vous plaît remplacer la batterie. 2. Lorsque l'appareil est allumé le voyant clignote. Solution: A a besoin d'hôte une à deux minutes pour stabiliser le circuit interne B la batterie peut être faible s'il vous plaît remplacer la batterie. Remarque: S'il vous plaît permettre des erreurs 1-5mm grâce à la mesure manuelle. Ne pas placer le produit dans une position face à la porte en verre ou lorsque la température change radicalement. En raison de ce type de produit qui utilise un capteur infrarouge il faut un environnement relativement stable. S'il vous plaît garder la lampe loin du moniteur et de la télévision. S'il vous plaît prêter attention à la température et l'humidité de l'environnement de travail sinon la vie de la batterie sera affectée. Utilisez une bonne batterie de qualité LR06 (AA) N ° 5 ou batterie rechargeable. Après la lumière sort un délai de 6-8 secondes puis travailler à nouveau. LED ne devraient pas viser directement les yeux des gens en particulier les enfants. Lors de l'installation du produit ne l'installez pas dans un endroit qui est facile pour les enfants à éviter afin d'éviter les accidents pour les enfants. couleur de l'article affiché dans les photos peut montrer un peu différent sur votre écran d'ordinateur car les moniteurs ne sont pas calibrées même. Le paquet contient: 1 x lumière de verrouillage de porte
1543,3847027140,1252097056,Lampe Led Humidificateur Coupe Lumière Mignon Humidificateur D'air Diffuseur Purificateur Atomiseur - Lampe Humidifier Mignon Coupe Lumière LED Humidificateur Diffuseur Purificateur d'air Atomiseur Feature: 100% tout neuf et haute. Quantité: Matériaux de construction set: plastique ABS Augmenter l'humidité de l'air. Hydrater votre peau. Très portable et facile à utiliser un gadget de mode de vie sain il est idéal pour votre maison bureau ect. Capacité du réservoir: 220ML pulvérisation mise hors tension automatique; un bloc de 4 heures 8 heures deuxième bloc d'alimentation: entrée USB Tension: DC5V de travail en cours; Humidification: 400mA Ambiance: 180mA Longueur du câble: 1 mètre Puissance nominale: 2W du brouillard: 30-35ML / H Contrôle: Appui long sur la touche de fonction 15 secondes activer le mode d'éclairage de nuit changement lanterne puis appuyez longuement sur 15 seconde couleur claire; appuyez longuement sur 15 seconde lumière au large. Produit applicable: chambre d'enfants chambre wc salon bureau voiture en plein air etc. Domaine d'utilisation: 10 belo carré Comment utiliser: 1. Débranchez ajouter la tête de l'humidificateur d'eau à la bouteille 2. Fermez le couvercle branchez le câble USB et allumez la puissance 3. Cliquez sur le bouton pour travailler le produit alimentation: alimentation de l'ordinateur l'alimentation de prise d'alimentation alimentation mobile Remarque: Ce produit est un humidificateur le matériel et la structure ne convient pas à l'arôme si l'ajout d'huile essentielle peut endommager la vie du produit. l'eau Humidifier est préférable d'utiliser l'eau du robinet car l'eau distillée après évaporation l'eau pure après extraction a changé le contenu du package de qualité de l'eau d'origine: 1pc Humidifier 1pc câble USB Cliquez sur le bouton pour travailler l'alimentation produit d'alimentation: alimentation de l'ordinateur l'alimentation de prise d'alimentation alimentation mobile Remarque: Ce produit est un humidificateur le matériel et la structure ne convient pas à l'arôme si on les ajoute l'huile essentielle peut endommager la vie du produit. l'eau Humidifier est préférable d'utiliser l'eau du robinet car l'eau distillée après évaporation l'eau pure après extraction a changé le contenu du package de qualité de l'eau d'origine: 1pc Humidifier 1pc câble USB Cliquez sur le bouton pour travailler l'alimentation produit d'alimentation: alimentation de l'ordinateur l'alimentation de prise d'alimentation alimentation mobile Remarque: Ce produit est un humidificateur le matériel et la structure ne convient pas à l'arôme si on les ajoute l'huile essentielle peut endommager la vie du produit. l'eau Humidifier est préférable d'utiliser l'eau du robinet car l'eau distillée après évaporation l'eau pure après extraction a changé le contenu du package de qualité de l'eau d'origine: 1pc Humidifier 1pc câble USB,fr,Lampe Led Humidificateur Coupe Lumière Mignon Humidificateur D'air Diffuseur Purificateur Atomiseur - Lampe Humidifier Mignon Coupe Lumière LED Humidificateur Diffuseur Purificateur d'air Atomiseur Feature: 100% tout neuf et haute. Quantité: Matériaux de construction set: plastique ABS Augmenter l'humidité de l'air. Hydrater votre peau. Très portable et facile à utiliser un gadget de mode de vie sain il est idéal pour votre maison bureau ect. Capacité du réservoir: 220ML pulvérisation mise hors tension automatique; un bloc de 4 heures 8 heures deuxième bloc d'alimentation: entrée USB Tension: DC5V de travail en cours; Humidification: 400mA Ambiance: 180mA Longueur du câble: 1 mètre Puissance nominale: 2W du brouillard: 30-35ML / H Contrôle: Appui long sur la touche de fonction 15 secondes activer le mode d'éclairage de nuit changement lanterne puis appuyez longuement sur 15 seconde couleur claire; appuyez longuement sur 15 seconde lumière au large. Produit applicable: chambre d'enfants chambre wc salon bureau voiture en plein air etc. Domaine d'utilisation: 10 belo carré Comment utiliser: 1. Débranchez ajouter la tête de l'humidificateur d'eau à la bouteille 2. Fermez le couvercle branchez le câble USB et allumez la puissance 3. Cliquez sur le bouton pour travailler le produit alimentation: alimentation de l'ordinateur l'alimentation de prise d'alimentation alimentation mobile Remarque: Ce produit est un humidificateur le matériel et la structure ne convient pas à l'arôme si l'ajout d'huile essentielle peut endommager la vie du produit. l'eau Humidifier est préférable d'utiliser l'eau du robinet car l'eau distillée après évaporation l'eau pure après extraction a changé le contenu du package de qualité de l'eau d'origine: 1pc Humidifier 1pc câble USB Cliquez sur le bouton pour travailler l'alimentation produit d'alimentation: alimentation de l'ordinateur l'alimentation de prise d'alimentation alimentation mobile Remarque: Ce produit est un humidificateur le matériel et la structure ne convient pas à l'arôme si on les ajoute l'huile essentielle peut endommager la vie du produit. l'eau Humidifier est préférable d'utiliser l'eau du robinet car l'eau distillée après évaporation l'eau pure après extraction a changé le contenu du package de qualité de l'eau d'origine: 1pc Humidifier 1pc câble USB Cliquez sur le bouton pour travailler l'alimentation produit d'alimentation: alimentation de l'ordinateur l'alimentation de prise d'alimentation alimentation mobile Remarque: Ce produit est un humidificateur le matériel et la structure ne convient pas à l'arôme si on les ajoute l'huile essentielle peut endommager la vie du produit. l'eau Humidifier est préférable d'utiliser l'eau du robinet car l'eau distillée après évaporation l'eau pure après extraction a changé le contenu du package de qualité de l'eau d'origine: 1pc Humidifier 1pc câble USB,2060/image_1252097056_product_3847027140.jpg,2060,False,False,True,Lampe Led Humidificateur Coupe Lumière Mignon Humidificateur D'air Diffuseur Purificateur Atomiseur,Lampe Humidifier Mignon Coupe Lumière LED Humidificateur Diffuseur Purificateur d'air Atomiseur Feature: 100% tout neuf et haute. Quantité: Matériaux de construction set: plastique ABS Augmenter l'humidité de l'air. Hydrater votre peau. Très portable et facile à utiliser un gadget de mode de vie sain il est idéal pour votre maison bureau ect. Capacité du réservoir: 220ML pulvérisation mise hors tension automatique; un bloc de 4 heures 8 heures deuxième bloc d'alimentation: entrée USB Tension: DC5V de travail en cours; Humidification: 400mA Ambiance: 180mA Longueur du câble: 1 mètre Puissance nominale: 2W du brouillard: 30-35ML / H Contrôle: Appui long sur la touche de fonction 15 secondes activer le mode d'éclairage de nuit changement lanterne puis appuyez longuement sur 15 seconde couleur claire; appuyez longuement sur 15 seconde lumière au large. Produit applicable: chambre d'enfants chambre wc salon bureau voiture en plein air etc. Domaine d'utilisation: 10 belo carré Comment utiliser: 1. Débranchez ajouter la tête de l'humidificateur d'eau à la bouteille 2. Fermez le couvercle branchez le câble USB et allumez la puissance 3. Cliquez sur le bouton pour travailler le produit alimentation: alimentation de l'ordinateur l'alimentation de prise d'alimentation alimentation mobile Remarque: Ce produit est un humidificateur le matériel et la structure ne convient pas à l'arôme si l'ajout d'huile essentielle peut endommager la vie du produit. l'eau Humidifier est préférable d'utiliser l'eau du robinet car l'eau distillée après évaporation l'eau pure après extraction a changé le contenu du package de qualité de l'eau d'origine: 1pc Humidifier 1pc câble USB Cliquez sur le bouton pour travailler l'alimentation produit d'alimentation: alimentation de l'ordinateur l'alimentation de prise d'alimentation alimentation mobile Remarque: Ce produit est un humidificateur le matériel et la structure ne convient pas à l'arôme si on les ajoute l'huile essentielle peut endommager la vie du produit. l'eau Humidifier est préférable d'utiliser l'eau du robinet car l'eau distillée après évaporation l'eau pure après extraction a changé le contenu du package de qualité de l'eau d'origine: 1pc Humidifier 1pc câble USB Cliquez sur le bouton pour travailler l'alimentation produit d'alimentation: alimentation de l'ordinateur l'alimentation de prise d'alimentation alimentation mobile Remarque: Ce produit est un humidificateur le matériel et la structure ne convient pas à l'arôme si on les ajoute l'huile essentielle peut endommager la vie du produit. l'eau Humidifier est préférable d'utiliser l'eau du robinet car l'eau distillée après évaporation l'eau pure après extraction a changé le contenu du package de qualité de l'eau d'origine: 1pc Humidifier 1pc câble USB
67376,3032797049,1186580470,U Draw Studio Et Tablette - ,en,U dessiner studio et tablette -,2462/image_1186580470_product_3032797049.jpg,2462,True,False,True,U Draw Studio Et Tablette,
76736,3590004082,1225434717,Set De 5 Tables Gigognes - H des 4 petites tables 49cm.    Largeur max des 4 petites tables 303cm,fr,Set De 5 Tables Gigognes - H des 4 petites tables 49cm.    Largeur max des 4 petites tables 303cm,1560/image_1225434717_product_3590004082.jpg,1560,True,False,True,Set De 5 Tables Gigognes,H des 4 petites tables 49cm.    Largeur max des 4 petites tables 303cm
5598,2063162058,1251713806,L'héritage De Charlotte - Tome 2 - ,fr,L'héritage De Charlotte - Tome 2 - ,10/image_1251713806_product_2063162058.jpg,10,True,False,True,L'héritage De Charlotte - Tome 2,
5786,557984116,1026166369,Angry Birds Lot De 33 Cartes Dont 3 Holos - jouets cartes rovio spain,fr,Angry Birds Lot De 33 Cartes Dont 3 Holos - jouets cartes rovio spain,1281/image_1026166369_product_557984116.jpg,1281,True,False,True,Angry Birds Lot De 33 Cartes Dont 3 Holos,jouets cartes rovio spain
9099,3530750,114783730,Celui Qui Tire Dans Le Ciel = Skyshooter - ,fr,Celui Qui Tire Dans Le Ciel = Skyshooter - ,1160/image_114783730_product_3530750.jpg,1160,True,False,True,Celui Qui Tire Dans Le Ciel = Skyshooter,
42596,4152889175,1309607798,"Magideal 2 Pcs Orff Instrument De Musique Hochets Main Accessoires De Jouet Intelligent Durable - 
 La description:  

 Orff Monde Bébé Hochets Mignons Main Bell Jouet Cadeau Instrument de musique pour les Enfants Éducation Précoce Développement  
 Stimulez le développement sensoriel du bébé tout en développant le sens de la musique de votre bébé  
 Peut stimuler la capacité de coordination ¿il-main du bébé  
 Des jouets parfaits pour développer et améliorer le QI de bébé  
 Matériel: plastique + métal  

 

 spécification:  

 Taille (D x H): Env. 7 x 12 cm / 275 x 472 pouces  
 La couleur rouge  

 Le forfait comprend:  

 Jouet de cloche à main 2 pièces  
",fr,"Magideal 2 Pcs Orff Instrument De Musique Hochets Main Accessoires De Jouet Intelligent Durable - 
 La description:  

 Orff Monde Bébé Hochets Mignons Main Bell Jouet Cadeau Instrument de musique pour les Enfants Éducation Précoce Développement  
 Stimulez le développement sensoriel du bébé tout en développant le sens de la musique de votre bébé  
 Peut stimuler la capacité de coordination ¿il-main du bébé  
 Des jouets parfaits pour développer et améliorer le QI de bébé  
 Matériel: plastique + métal  

 

 spécification:  

 Taille (D x H): Env. 7 x 12 cm / 275 x 472 pouces  
 La couleur rouge  

 Le forfait comprend:  

 Jouet de cloche à main 2 pièces  
",1320/image_1309607798_product_4152889175.jpg,1320,False,True,True,Magideal 2 Pcs Orff Instrument De Musique Hochets Main Accessoires De Jouet Intelligent Durable,"
 La description:  

 Orff Monde Bébé Hochets Mignons Main Bell Jouet Cadeau Instrument de musique pour les Enfants Éducation Précoce Développement  
 Stimulez le développement sensoriel du bébé tout en développant le sens de la musique de votre bébé  
 Peut stimuler la capacité de coordination ¿il-main du bébé  
 Des jouets parfaits pour développer et améliorer le QI de bébé  
 Matériel: plastique + métal  

 

 spécification:  

 Taille (D x H): Env. 7 x 12 cm / 275 x 472 pouces  
 La couleur rouge  

 Le forfait comprend:  

 Jouet de cloche à main 2 pièces  
"
158,1190507078,1068211845,"Casa Padrino Baroque Dining Room With Armrests Silver-Black Pattern / Silver - Antique Style Furniture - 
  Handmade   baroque   chair   with armrests   made â¿¿â¿¿by   Casa   Padrino 
      Height of   about 108   cm 
      Width of   about 60   cm 
      Depth of   about 57   cm 
      Seat height   approx   56   cm 
      solid wood 
      Covered with a   fine   pattern fabric   (  60  %   polyester   /   40  %   cotton  ) 
      Filling:   Polyurethane foam   padding 
     Silver- Black   Pattern   /   Black 

 Here you can   buy   an original   Casa   Padrino   product  . 
 Casa   Padrino   is a   European-  renowned   producer   and   distributor   of   baroque   furniture and   a registered trademark   with the German Patent   and   Trademark Office  .   ",en,"Casa Padrino Baroque Dining Room avec des accoudoirs motifs noirs en argent / argent - meubles de style antique -
  Chaise baroque artisanale avec des accoudoirs fabriqués œrés par Casa Padrino
Hauteur d'environ 108 cm
Largeur d'environ 60 cm
Profondeur d'environ 57 cm
Hauteur du siège environ 56 cm
bois massif
Recouvert d'un tissu à motif fin (60% de polyester / 40% de coton)
Remplissage: rembourrage en mousse en polyuréthane
Modèle noir argenté / noir

 Ici, vous pouvez acheter un produit Casa Padrino original.
 Casa Padrino est un producteur et distributeur de renommée européenne de meubles baroques et une marque déposée auprès du Bureau allemand des brevets et des marques.",1560/image_1068211845_product_1190507078.jpg,1560,False,True,True,Casa Padrino Baroque Dining Room With Armrests Silver-Black Pattern / Silver - Antique Style Furniture,"
  Handmade   baroque   chair   with armrests   made â¿¿â¿¿by   Casa   Padrino 
      Height of   about 108   cm 
      Width of   about 60   cm 
      Depth of   about 57   cm 
      Seat height   approx   56   cm 
      solid wood 
      Covered with a   fine   pattern fabric   (  60  %   polyester   /   40  %   cotton  ) 
      Filling:   Polyurethane foam   padding 
     Silver- Black   Pattern   /   Black 

 Here you can   buy   an original   Casa   Padrino   product  . 
 Casa   Padrino   is a   European-  renowned   producer   and   distributor   of   baroque   furniture and   a registered trademark   with the German Patent   and   Trademark Office  .   "
20931,3836739131,1250952042,Organisateur Enfants En Bois Keepsake Cadeau Pour Bébé Enfants Mignon Dents Tooth Container @Dfgjlkni1 - Organisateur enfants en bois Keepsake cadeau pour les dents de bébé mignon enfants Tooth Container avec des pincettes pour garder les caractéristiques de la mémoire Childwood: Fait de 100% de bois et il a été fait à la main résistant à la corrosion durable et respectueux de l'environnement .Ce matériau entièrement naturel ne se dégrade pas. Il est conçu pour garder les dents de votre enfant dans un endroit dans un emballage sûr qui est conçu pour durer adapté pour le stockage dentaire à long terme. Cette boîte de Hippopotamus dent en bois porte un record de la croissance du bébé la boîte sculptée sous forme d'information non seulement enregistre la dent de bébé vous pouvez aussi écrire vos informations d'identité avec votre stylo dessus vous ne serez jamais oublier les informations de base sur votre bébé Protège les dents de bébé précieux et les garde organisée pour la conservation permanente tableau des dents pour garder la trace de l'évolution de votre enfant sourire et écrire des notes spéciales et les dates. Cette boîte de souvenir pour les dents perdues sera un souvenir de famille précieusement pendant des années à venir. Vous pouvez non seulement préserver les dents de votre bébé mais aussi garder le cordon ombilical et lanugo dans la boîte donner à votre bébé un souvenir de memories.Childhood de l'enfance entière abonderont quand votre enfant regarde à l'intérieur de cette boîte et se souvient des moments d'amour que vous avez partagé au fil des ans . Caractéristique: conception séparée pour Boy / GirlCorrosion résistant et durable pour storage.Protect dentaire de longue date et organise bébé teethHelps les parents tiennent des documents pour chaque bébé à feuilles caduques toothMakes un grand cadeau pour bébé nouveau-né ou d'anniversaire giftHow pour traiter la dent bébé: Étape 1: remplacer les dents de bébé. Quand les enfants ont environ 6 ans son / ses dents devient à feuilles caduques. Le temps spécifique varie dans chaque case.Step 2: Gardez une bonne mémoire. Après avoir pris votre enfant pour en extraire ses dents / ses ne pas oublier de garder ces dents mignonnes. ! Un morceau de mémoire qui doit être chéri et remercié par votre famille à l'avenir Étape 3: Stériliser les dents extraites. Placez la dent de bébé extrait dans l'eau bouillante pendant environ cinq minutes.Step 4: dents sèches naturelles. Les dents stérilisées doivent être mises en place avec un bon ventilation.Step 5: Gardez un record. Ecrivez trousse d'information connexes inclus: 1 x boîte à dents pour bébé 1 x brucelles 1 x coton,fr,Organisateur Enfants En Bois Keepsake Cadeau Pour Bébé Enfants Mignon Dents Tooth Container @Dfgjlkni1 - Organisateur enfants en bois Keepsake cadeau pour les dents de bébé mignon enfants Tooth Container avec des pincettes pour garder les caractéristiques de la mémoire Childwood: Fait de 100% de bois et il a été fait à la main résistant à la corrosion durable et respectueux de l'environnement .Ce matériau entièrement naturel ne se dégrade pas. Il est conçu pour garder les dents de votre enfant dans un endroit dans un emballage sûr qui est conçu pour durer adapté pour le stockage dentaire à long terme. Cette boîte de Hippopotamus dent en bois porte un record de la croissance du bébé la boîte sculptée sous forme d'information non seulement enregistre la dent de bébé vous pouvez aussi écrire vos informations d'identité avec votre stylo dessus vous ne serez jamais oublier les informations de base sur votre bébé Protège les dents de bébé précieux et les garde organisée pour la conservation permanente tableau des dents pour garder la trace de l'évolution de votre enfant sourire et écrire des notes spéciales et les dates. Cette boîte de souvenir pour les dents perdues sera un souvenir de famille précieusement pendant des années à venir. Vous pouvez non seulement préserver les dents de votre bébé mais aussi garder le cordon ombilical et lanugo dans la boîte donner à votre bébé un souvenir de memories.Childhood de l'enfance entière abonderont quand votre enfant regarde à l'intérieur de cette boîte et se souvient des moments d'amour que vous avez partagé au fil des ans . Caractéristique: conception séparée pour Boy / GirlCorrosion résistant et durable pour storage.Protect dentaire de longue date et organise bébé teethHelps les parents tiennent des documents pour chaque bébé à feuilles caduques toothMakes un grand cadeau pour bébé nouveau-né ou d'anniversaire giftHow pour traiter la dent bébé: Étape 1: remplacer les dents de bébé. Quand les enfants ont environ 6 ans son / ses dents devient à feuilles caduques. Le temps spécifique varie dans chaque case.Step 2: Gardez une bonne mémoire. Après avoir pris votre enfant pour en extraire ses dents / ses ne pas oublier de garder ces dents mignonnes. ! Un morceau de mémoire qui doit être chéri et remercié par votre famille à l'avenir Étape 3: Stériliser les dents extraites. Placez la dent de bébé extrait dans l'eau bouillante pendant environ cinq minutes.Step 4: dents sèches naturelles. Les dents stérilisées doivent être mises en place avec un bon ventilation.Step 5: Gardez un record. Ecrivez trousse d'information connexes inclus: 1 x boîte à dents pour bébé 1 x brucelles 1 x coton,1280/image_1250952042_product_3836739131.jpg,1280,False,True,True,Organisateur Enfants En Bois Keepsake Cadeau Pour Bébé Enfants Mignon Dents Tooth Container @Dfgjlkni1,Organisateur enfants en bois Keepsake cadeau pour les dents de bébé mignon enfants Tooth Container avec des pincettes pour garder les caractéristiques de la mémoire Childwood: Fait de 100% de bois et il a été fait à la main résistant à la corrosion durable et respectueux de l'environnement .Ce matériau entièrement naturel ne se dégrade pas. Il est conçu pour garder les dents de votre enfant dans un endroit dans un emballage sûr qui est conçu pour durer adapté pour le stockage dentaire à long terme. Cette boîte de Hippopotamus dent en bois porte un record de la croissance du bébé la boîte sculptée sous forme d'information non seulement enregistre la dent de bébé vous pouvez aussi écrire vos informations d'identité avec votre stylo dessus vous ne serez jamais oublier les informations de base sur votre bébé Protège les dents de bébé précieux et les garde organisée pour la conservation permanente tableau des dents pour garder la trace de l'évolution de votre enfant sourire et écrire des notes spéciales et les dates. Cette boîte de souvenir pour les dents perdues sera un souvenir de famille précieusement pendant des années à venir. Vous pouvez non seulement préserver les dents de votre bébé mais aussi garder le cordon ombilical et lanugo dans la boîte donner à votre bébé un souvenir de memories.Childhood de l'enfance entière abonderont quand votre enfant regarde à l'intérieur de cette boîte et se souvient des moments d'amour que vous avez partagé au fil des ans . Caractéristique: conception séparée pour Boy / GirlCorrosion résistant et durable pour storage.Protect dentaire de longue date et organise bébé teethHelps les parents tiennent des documents pour chaque bébé à feuilles caduques toothMakes un grand cadeau pour bébé nouveau-né ou d'anniversaire giftHow pour traiter la dent bébé: Étape 1: remplacer les dents de bébé. Quand les enfants ont environ 6 ans son / ses dents devient à feuilles caduques. Le temps spécifique varie dans chaque case.Step 2: Gardez une bonne mémoire. Après avoir pris votre enfant pour en extraire ses dents / ses ne pas oublier de garder ces dents mignonnes. ! Un morceau de mémoire qui doit être chéri et remercié par votre famille à l'avenir Étape 3: Stériliser les dents extraites. Placez la dent de bébé extrait dans l'eau bouillante pendant environ cinq minutes.Step 4: dents sèches naturelles. Les dents stérilisées doivent être mises en place avec un bon ventilation.Step 5: Gardez un record. Ecrivez trousse d'information connexes inclus: 1 x boîte à dents pour bébé 1 x brucelles 1 x coton
31585,75707598,846397256,Comic Box Alpha Hors-Série N° 15 : Marval Knignts - ,fr,Comic Box Alpha Hors-Série N° 15 : Marval Knignts - ,2280/image_846397256_product_75707598.jpg,2280,False,True,True,Comic Box Alpha Hors-Série N° 15 : Marval Knignts,
33059,3107489475,1191432475,Parasol Raye D 180 Cm - Parasol Raye D 180 Cm,en,Parasol Raye D 180 cm - Parasol Raye D 180 cm,2583/image_1191432475_product_3107489475.jpg,2583,False,True,True,Parasol Raye D 180 Cm,Parasol Raye D 180 Cm
20061,4236041996,1324088536,T6 Xml Zoomable Led Lampe De Poche Tactique + 18650 Batterie + Chargeur + Porte-Clés Stream - XML zoomable T6 + lampe de poche LED tactique 18650 Batterie + Chargeur + keychainFeature: 100% tout neuf et haute quality.Emitter Marque: CreeLED Type: XM-LEmitter BIN: T6Light Couleur: WhiteCasing Couleur: BlackMat: Aluminium AlloyLumen: 5000 LumensPower Alimentation: 1X 18650Mode arrangement: Strobe faible moyenne et SOSLifespan: 100000 HoursSwitch type: ClickySwitch Lieu: Tial Bracelet / clip: Bracelet IncludedZoomable: Oui Dimensions: 130 * 35 * 25 mm contenu de l'emballage: 1 x XM-L T6 LED zoomables Flashligh Torch1 x 18650 Batterie Charger1 x 18650 3200mAh rechargeable Battery1x lampe de poche en nylon Pouch1 x lampe de poche porte-clés 1x boîte militaire,fr,T6 Xml Zoomable Led Lampe De Poche Tactique + 18650 Batterie + Chargeur + Porte-Clés Stream - XML zoomable T6 + lampe de poche LED tactique 18650 Batterie + Chargeur + keychainFeature: 100% tout neuf et haute quality.Emitter Marque: CreeLED Type: XM-LEmitter BIN: T6Light Couleur: WhiteCasing Couleur: BlackMat: Aluminium AlloyLumen: 5000 LumensPower Alimentation: 1X 18650Mode arrangement: Strobe faible moyenne et SOSLifespan: 100000 HoursSwitch type: ClickySwitch Lieu: Tial Bracelet / clip: Bracelet IncludedZoomable: Oui Dimensions: 130 * 35 * 25 mm contenu de l'emballage: 1 x XM-L T6 LED zoomables Flashligh Torch1 x 18650 Batterie Charger1 x 18650 3200mAh rechargeable Battery1x lampe de poche en nylon Pouch1 x lampe de poche porte-clés 1x boîte militaire,1302/image_1324088536_product_4236041996.jpg,1302,True,True,True,T6 Xml Zoomable Led Lampe De Poche Tactique + 18650 Batterie + Chargeur + Porte-Clés Stream,XML zoomable T6 + lampe de poche LED tactique 18650 Batterie + Chargeur + keychainFeature: 100% tout neuf et haute quality.Emitter Marque: CreeLED Type: XM-LEmitter BIN: T6Light Couleur: WhiteCasing Couleur: BlackMat: Aluminium AlloyLumen: 5000 LumensPower Alimentation: 1X 18650Mode arrangement: Strobe faible moyenne et SOSLifespan: 100000 HoursSwitch type: ClickySwitch Lieu: Tial Bracelet / clip: Bracelet IncludedZoomable: Oui Dimensions: 130 * 35 * 25 mm contenu de l'emballage: 1 x XM-L T6 LED zoomables Flashligh Torch1 x 18650 Batterie Charger1 x 18650 3200mAh rechargeable Battery1x lampe de poche en nylon Pouch1 x lampe de poche porte-clés 1x boîte militaire
22762,2916187859,1172117660,Sony Playstation 3 Ultra Slime 500 Go - ,en,Sony Playstation 3 Ultra Slime 500 Go -,2462/image_1172117660_product_2916187859.jpg,2462,True,True,True,Sony Playstation 3 Ultra Slime 500 Go,
84753,3787994710,1244990146,1pc Jus Simulation Collection Lente Hausse Squeeze Balle Anti-Stress Jouet Ou - 1pc Simulation Juice lente Collection Rising squeeze balle anti-stress Toy OU Description de la qualité: 100% tout neuf et de haute qualité. Taille: 12 * 6 * matériel 6cm: élastique de l'environnement PU âge applicable: plus de 6 ans Squishy: hausse lente quand vous regardez ils sont si mignons que vous pouvez vous sentir mieux ou même tous vos mauvais sentiments disparu .it peut être un remède contre le stress. charme éponge est vraiment tactile confortable regard réaliste odorante et super kawai Il est amusant de presser et il semble si grossière! Gross comme vos enfants vont adorer ça! Il aide à rester concentré à l'école des enfants. charmes mignons et doux pour téléphones mobiles sacs clés cadeaux collecte et plus encore! Aussi comme des jouets de soulagement du stress pour donner libre cours à vos émotions. Vous ne serez pas en mesure de garder vos mains sur ces Squishies montantes stupides super doux et très lent,fr,1pc Jus Simulation Collection Lente Hausse Squeeze Balle Anti-Stress Jouet Ou - 1pc Simulation Juice lente Collection Rising squeeze balle anti-stress Toy OU Description de la qualité: 100% tout neuf et de haute qualité. Taille: 12 * 6 * matériel 6cm: élastique de l'environnement PU âge applicable: plus de 6 ans Squishy: hausse lente quand vous regardez ils sont si mignons que vous pouvez vous sentir mieux ou même tous vos mauvais sentiments disparu .it peut être un remède contre le stress. charme éponge est vraiment tactile confortable regard réaliste odorante et super kawai Il est amusant de presser et il semble si grossière! Gross comme vos enfants vont adorer ça! Il aide à rester concentré à l'école des enfants. charmes mignons et doux pour téléphones mobiles sacs clés cadeaux collecte et plus encore! Aussi comme des jouets de soulagement du stress pour donner libre cours à vos émotions. Vous ne serez pas en mesure de garder vos mains sur ces Squishies montantes stupides super doux et très lent,1302/image_1244990146_product_3787994710.jpg,1302,True,True,True,1pc Jus Simulation Collection Lente Hausse Squeeze Balle Anti-Stress Jouet Ou,1pc Simulation Juice lente Collection Rising squeeze balle anti-stress Toy OU Description de la qualité: 100% tout neuf et de haute qualité. Taille: 12 * 6 * matériel 6cm: élastique de l'environnement PU âge applicable: plus de 6 ans Squishy: hausse lente quand vous regardez ils sont si mignons que vous pouvez vous sentir mieux ou même tous vos mauvais sentiments disparu .it peut être un remède contre le stress. charme éponge est vraiment tactile confortable regard réaliste odorante et super kawai Il est amusant de presser et il semble si grossière! Gross comme vos enfants vont adorer ça! Il aide à rester concentré à l'école des enfants. charmes mignons et doux pour téléphones mobiles sacs clés cadeaux collecte et plus encore! Aussi comme des jouets de soulagement du stress pour donner libre cours à vos émotions. Vous ne serez pas en mesure de garder vos mains sur ces Squishies montantes stupides super doux et très lent
39959,2009635938,1120113941,Vb601 2.4g Bébé Moniteur Vidéosurveillance Vidéo Numérique Sans Fil Baby Monitor Night Vision Two Way Intercom Audio Radio Moniteur  - ,fr,Vb601 2.4g Bébé Moniteur Vidéosurveillance Vidéo Numérique Sans Fil Baby Monitor Night Vision Two Way Intercom Audio Radio Moniteur  - ,1320/image_1120113941_product_2009635938.jpg,1320,True,True,True,Vb601 2.4g Bébé Moniteur Vidéosurveillance Vidéo Numérique Sans Fil Baby Monitor Night Vision Two Way Intercom Audio Radio Moniteur ,
77803,4089928038,1289816205,H13 5mp 1080p Grand Angle Wifi Fpv Caméra Hd Pliable Rc Drone Quadrocopter-Générique - H13 5MP 1080P Grand angle WIFI FPV caméra HD Pliable RC Drone Quadrocopter,fr,H13 5mp 1080p Grand Angle Wifi Fpv Caméra Hd Pliable Rc Drone Quadrocopter-Générique - H13 5MP 1080P Grand angle WIFI FPV caméra HD Pliable RC Drone Quadrocopter,1300/image_1289816205_product_4089928038.jpg,1300,True,True,True,H13 5mp 1080p Grand Angle Wifi Fpv Caméra Hd Pliable Rc Drone Quadrocopter-Générique,H13 5MP 1080P Grand angle WIFI FPV caméra HD Pliable RC Drone Quadrocopter
